kind,source,days_in_scope,observed_days,complete_or_proxy_days,observed_share
tv,ТВ: НТВ,1371,1350,1347,0.9846827133479212
tv,ТВ: Первый канал,1371,1337,1335,0.975200583515682
tv,ТВ: Россия 1,1371,1332,1327,0.9715536105032823
tv,ТВ: Россия 24,1371,1349,1344,0.9839533187454412
web,Веб: 1tv.ru,1371,1341,1341,0.9781181619256017
web,Веб: aif.ru,1371,1357,1357,0.9897884755652808
web,Веб: fontanka.ru,1371,1330,1330,0.9700948212983224
web,Веб: gazeta.ru,1371,684,684,0.4989059080962801
web,Веб: interfax.ru,1371,1328,1328,0.9686360320933625
web,Веб: iz.ru,1371,1275,1275,0.9299781181619255
web,Веб: kommersant.ru,1371,1363,1363,0.9941648431801605
web,Веб: lenta.ru,1371,1269,1269,0.925601750547046
web,Веб: mk.ru,1371,1354,1354,0.987600291757841
web,Веб: rbc.ru,1371,1354,1354,0.987600291757841
web,Веб: ren.tv,1371,65,65,0.04741064916119621
web,Веб: rg.ru,1371,1162,1162,0.8475565280816922
web,Веб: ria.ru,1371,1358,1358,0.9905178701677607
web,Веб: tass.ru,1371,1150,1150,0.8388037928519329
web,Веб: tvc.ru,1371,640,640,0.4668125455871627
web,Веб: vedomosti.ru,1371,1354,1354,0.987600291757841
web,Веб: vesti.ru,1371,1333,1333,0.9722830051057623
