source,kind,stalin_candidates,lenin_candidates,trump_candidates,total_candidates
Веб: ria.ru,web,1145.0,1233.0,149951.0,152329.0
Веб: tass.ru,web,2069.0,3698.0,114747.0,120514.0
ТВ: Россия 24,tv,4666.0,2794.0,101301.0,108761.0
ТВ: Россия 1,tv,2351.0,1682.0,89168.0,93201.0
Веб: lenta.ru,web,804.0,916.0,89907.0,91627.0
ТВ: Первый канал,tv,2885.0,1621.0,81678.0,86184.0
Веб: mk.ru,web,2880.0,1988.0,75543.0,80411.0
Веб: aif.ru,web,1586.0,1550.0,74181.0,77317.0
Веб: kommersant.ru,web,2062.0,2016.0,64937.0,69015.0
Веб: rbc.ru,web,430.0,1051.0,49204.0,50685.0
Веб: interfax.ru,web,150.0,251.0,42269.0,42670.0
Веб: rg.ru,web,2285.0,2756.0,37522.0,42563.0
ТВ: НТВ,tv,2130.0,1553.0,34775.0,38458.0
Веб: iz.ru,web,571.0,1043.0,32817.0,34431.0
Веб: vesti.ru,web,348.0,405.0,32528.0,33281.0
Веб: vedomosti.ru,web,208.0,340.0,23552.0,24100.0
Веб: fontanka.ru,web,514.0,1309.0,17683.0,19506.0
Веб: 1tv.ru,web,157.0,105.0,7702.0,7964.0
Веб: gazeta.ru,web,274.0,223.0,3080.0,3577.0
Веб: tvc.ru,web,30.0,26.0,1024.0,1080.0
Веб: ren.tv,web,4.0,1.0,28.0,33.0
