origin,test_start,test_end,model,horizon,train_days,n_days,daily_mae,daily_mse,daily_crps,daily_coverage_80,daily_width_80,daily_coverage_95,daily_width_95,daily_nll,actual_sum_observed,predicted_sum_observed,monthly_error,monthly_ae,monthly_se,monthly_crps,monthly_lo80,monthly_hi80,monthly_lo95,monthly_hi95,monthly_coverage80,monthly_coverage95,monthly_width80,monthly_width95
2024-12-31,2025-01-01,2025-01-31,M1,31,699,29,1.917926100807478,5.87120621330936,1.3204466178160923,0.896551724137931,4.0,0.9310344827586207,5.0,2.2382659073706765,37,58.85599289424232,21.85599289424232,21.85599289424232,477.6844253931708,17.34858775,49.0,69.0,44.0,75.0,False,False,20.0,31.0
2024-12-31,2025-01-01,2025-01-31,M2,31,699,29,1.9256524458929183,5.88740262214712,1.0388975134099616,0.9310344827586207,6.0,1.0,10.758620689655173,1.5463103516674204,37,59.16541461885449,22.16541461885449,22.16541461885449,491.3056052257284,13.49430588888889,39.0,81.0,30.0,96.0,False,True,42.0,66.0
2024-12-31,2025-01-01,2025-01-31,M3,31,699,29,1.41321693373995,5.4533417580560615,0.994410049808429,0.8620689655172413,2.7586206896551726,0.9310344827586207,5.413793103448276,1.5489313418163684,37,28.485773013733137,-8.514226986266863,8.514226986266863,72.4920611736749,5.800119222222222,16.0,43.0,12.0,55.0,True,True,27.0,43.0
2024-12-31,2025-01-01,2025-01-31,M4,31,699,29,1.3543352782029983,5.551482554206999,1.000490438697318,0.8620689655172413,2.5172413793103448,0.896551724137931,4.724137931034483,1.571504433352322,37,23.749583110889596,-13.250416889110404,13.250416889110404,175.57354773522223,9.381591222222223,11.0,39.0,8.0,51.0,True,True,28.0,43.0
2025-01-31,2025-02-01,2025-02-28,M1,28,728,28,2.1782601765014626,10.893558646768243,1.639859068452381,0.8214285714285714,4.0,0.8571428571428571,5.0,2.7894085434673426,65,55.96949729714335,-9.030502702856651,9.030502702856651,81.54997906630129,5.6527126388888895,46.0,66.0,41.0,71.0,True,True,20.0,30.0
2025-01-31,2025-02-01,2025-02-28,M2,28,728,28,2.1809186138665986,10.889861370307164,1.517522574404762,0.8928571428571429,6.0,0.9642857142857143,10.607142857142858,2.043947930048198,65,56.13144237652952,-8.86855762347048,8.86855762347048,78.65131432081637,6.2786831944444454,36.0,78.0,28.0,91.0,True,True,42.0,63.0
2025-01-31,2025-02-01,2025-02-28,M3,28,728,28,1.9637081199999202,10.757776935365635,1.4975455446428574,0.8214285714285714,3.9642857142857144,0.9285714285714286,7.53660714285713,2.00579468607629,65,39.98195587854573,-25.018044121454267,25.018044121454267,625.9025316630324,18.092215916666667,23.0,60.0,17.0,76.0,False,True,37.0,59.0
2025-01-31,2025-02-01,2025-02-28,M4,28,728,28,1.973965750986188,10.581311931838002,1.4761117192460318,0.8571428571428571,4.25,0.9642857142857143,8.03660714285713,1.9950617414961773,65,42.29150668230165,-22.70849331769835,22.70849331769835,515.6756687599506,15.905393972222226,22.0,67.0,16.0,87.0,True,True,45.0,71.0
2025-02-28,2025-03-01,2025-03-31,M1,31,756,31,1.843653710622925,4.6859251753442175,1.2674011917562724,0.9032258064516129,4.0,0.9032258064516129,5.0,2.171044413559163,51,62.36547814681776,11.365478146817757,11.365478146817757,129.174093505792,7.35671627777778,52.0,72.0,47.0,79.0,False,True,20.0,32.0
2025-02-28,2025-03-01,2025-03-31,M2,31,756,31,1.8462221258709524,4.6904536512914135,1.1043339086021504,0.9354838709677419,6.0,1.0,10.712096774193514,1.7425558641973502,51,62.55534330476811,11.555343304768108,11.555343304768108,133.52595889104916,6.5347662222222205,41.0,86.0,33.0,102.0,True,True,45.0,69.0
2025-02-28,2025-03-01,2025-03-31,M3,31,756,31,1.5079378297056396,3.9033358688334823,1.010934268817204,0.9032258064516129,3.7096774193548385,1.0,7.096774193548387,1.6593715235039306,51,41.792127097316296,-9.207872902683704,9.207872902683704,84.78492339197682,6.238175666666667,25.0,61.0,19.0,75.0,True,True,36.0,56.0
2025-02-28,2025-03-01,2025-03-31,M4,31,756,31,1.511659007717977,3.8041112462783913,0.9950000448028675,0.9354838709677419,4.161290322580645,1.0,7.871774193548375,1.6603852663953433,51,46.391828938028866,-4.6081710619711345,4.6081710619711345,21.235240536388172,5.215131222222221,26.0,70.0,19.0,89.0,True,True,44.0,70.0
2025-03-31,2025-04-01,2025-04-30,M1,30,787,30,2.5999999999999996,18.67189603200781,2.107573587037037,0.7666666666666667,4.0,0.8333333333333334,5.0,3.574787642939855,90,59.921661801106275,-30.078338198893725,30.078338198893725,904.7064288070294,25.60062377777778,50.0,70.0,45.0,76.0,False,False,20.0,31.0
2025-03-31,2025-04-01,2025-04-30,M2,30,787,30,2.600041300661142,18.666418878051516,2.0100696935185183,0.8333333333333334,5.933333333333334,0.9333333333333333,10.600833333333322,2.2741210836194985,90,60.00371705950279,-29.99628294049721,29.99628294049721,899.7769902463639,21.549181194444444,39.0,83.0,31.0,97.02499999999964,False,True,44.0,66.02499999999964
2025-03-31,2025-04-01,2025-04-30,M3,30,787,30,2.5567617066567196,19.41528994044003,2.0869779564814817,0.8,3.7333333333333334,0.9,6.867499999999988,2.3926372028168656,90,39.26326868150513,-50.73673131849487,50.73673131849487,2574.215904885138,42.95799786111111,23.0,58.0,18.0,71.0,False,False,35.0,53.0
2025-03-31,2025-04-01,2025-04-30,M4,30,787,30,2.5401287001523007,18.90782552782379,2.0499073361111106,0.8,3.8666666666666667,0.9,7.533333333333333,2.3429634475963126,90,43.159617354072516,-46.840382645927484,46.840382645927484,2194.0214464169044,37.79675080555556,23.0,66.0,17.0,84.0,False,False,43.0,67.0
2025-04-30,2025-05-01,2025-05-31,M1,31,817,31,2.2012150295134667,10.593742784916559,1.738456611111111,0.7741935483870968,4.0,0.8064516129032258,5.0,2.8923892797871855,86,63.05252048034883,-22.947479519651168,22.947479519651168,526.5868163048098,18.385892222222225,53.0,74.0,47.0,80.0,False,False,21.0,33.0
2025-04-30,2025-05-01,2025-05-31,M2,31,817,31,2.2017746297930048,10.59007995055272,1.6992522016129032,0.8709677419354839,6.0,0.967741935483871,10.806451612903226,2.2371266485543595,86,63.12934560443965,-22.87065439556035,22.87065439556035,523.0668324811639,15.308668250000002,42.0,87.0,33.0,101.02499999999964,True,True,45.0,68.02499999999964
2025-04-30,2025-05-01,2025-05-31,M3,31,817,31,2.114361646058035,10.962020275337753,1.7225655976702512,0.7419354838709677,3.7096774193548385,0.9354838709677419,7.225806451612903,2.2494089956690475,86,42.8475971515252,-43.1524028484748,43.1524028484748,1862.129871597056,35.08449063888889,26.0,62.0,19.0,77.0,False,False,36.0,58.0
2025-04-30,2025-05-01,2025-05-31,M4,31,817,31,2.033190503471768,9.772300123549897,1.607864497311828,0.8709677419354839,5.032258064516129,0.967741935483871,9.32258064516129,2.1710064696368088,86,55.97048810429243,-30.02951189570757,30.02951189570757,901.7715846944426,21.36453647222222,31.0,86.0,22.0,112.0,True,True,55.0,90.0
2025-05-31,2025-06-01,2025-06-30,M1,30,848,30,1.5991597065770746,3.572759498396951,1.0711875675925926,0.9,4.0,0.9666666666666667,5.0,1.9584767951859172,43,61.82773349496044,18.82773349496044,18.82773349496044,354.4835485572553,14.264828416666667,52.0,72.0,47.0,77.0,False,False,20.0,30.0
2025-05-31,2025-06-01,2025-06-30,M2,30,848,30,1.6025695498775787,3.5808253272941672,0.9370524712962963,0.9666666666666667,6.0,1.0,10.933333333333334,1.69108070122183,43,62.019537180613824,19.019537180613824,19.019537180613824,361.74279456475165,10.963385638888887,41.0,84.0,33.0,99.0,True,True,43.0,66.0
2025-05-31,2025-06-01,2025-06-30,M3,30,848,30,1.395083310579872,3.297814265445316,0.9094431092592592,0.9,4.066666666666666,0.9666666666666667,7.7,1.6888821271910257,43,45.34257029537584,2.342570295375843,2.342570295375843,5.487635588777265,3.4814382222222235,27.0,65.0,21.0,79.0,True,True,38.0,58.0
2025-05-31,2025-06-01,2025-06-30,M4,30,848,30,1.6658168281943155,3.8315776644868222,0.9458314944444445,0.9666666666666667,5.636666666666679,0.9666666666666667,10.502499999999964,1.7007685484354016,43,61.64406779873877,18.644067798738767,18.644067798738767,347.6012640839678,9.46502238888889,34.0,93.0,25.0,118.0,True,True,59.0,93.0
2025-06-30,2025-07-01,2025-07-31,M1,31,878,31,2.960224633617482,34.575468318654146,2.3760477562724014,0.9032258064516129,4.0,0.9032258064516129,5.0,4.320434741742531,77,63.251361731915765,-13.748638268084235,13.748638268084235,189.0250542266303,9.471422666666669,53.0,74.0,48.0,80.0,False,True,21.0,32.0
2025-06-30,2025-07-01,2025-07-31,M2,31,878,31,2.963886294742427,34.570204762968025,2.0863388593189964,0.9032258064516129,6.0,0.9354838709677419,10.583064516128998,1.91247782833176,77,63.436564697235326,-13.563435302764674,13.563435302764674,183.96677721228303,8.678453583333335,42.0,86.0,33.0,100.0,True,True,44.0,67.0
2025-06-30,2025-07-01,2025-07-31,M3,31,878,31,2.755557612444647,34.9880812032235,2.0523404372759853,0.8709677419354839,4.483870967741935,0.9354838709677419,8.064516129032258,1.9562336511745244,77,48.70596140207901,-28.294038597920988,28.294038597920988,800.5526201806426,20.476142611111108,29.0,71.0,22.0,88.0,False,True,42.0,66.0
2025-06-30,2025-07-01,2025-07-31,M4,31,878,31,2.903370060665306,34.43069067211581,2.0507750931899644,0.8709677419354839,5.454838709677431,0.967741935483871,10.226612903225794,1.9009744465230425,77,61.59104814373301,-15.408951856266988,15.408951856266988,237.43579730875385,10.996233888888892,34.0,94.0,24.0,120.0,True,True,60.0,96.0
2025-07-31,2025-08-01,2025-08-31,M1,31,909,31,1.8868646161808178,5.178419086069732,1.2973292983870968,0.9032258064516129,4.0,0.9354838709677419,5.0,2.234894969341243,58,63.69743290552957,5.697432905529567,5.697432905529567,32.46074171301108,3.327612083333328,54.0,74.0,49.0,80.0,True,True,20.0,31.0
2025-07-31,2025-08-01,2025-08-31,M2,31,909,31,1.888941892756484,5.181100312988502,1.181655366487455,0.9354838709677419,6.0,1.0,10.903225806451612,1.860102619970281,58,63.91923988210903,5.919239882109032,5.919239882109032,35.03740078195015,4.57935475,42.0,87.0,34.0,102.0,True,True,45.0,68.0
2025-07-31,2025-08-01,2025-08-31,M3,31,909,31,1.5501220877142305,4.454102508908371,1.106219031362007,0.9032258064516129,3.967741935483871,0.967741935483871,7.484677419354827,1.8040425248335936,58,44.3431453668711,-13.656854633128901,13.656854633128901,186.50967847041434,9.332242527777778,27.0,65.0,20.0,79.0,True,True,38.0,59.0
2025-07-31,2025-08-01,2025-08-31,M4,31,909,31,1.5852008862554035,4.042773977875142,1.0624333136200717,0.9354838709677419,5.258064516129032,1.0,9.935483870967742,1.7935908396805327,58,58.92589327705471,0.9258932770547119,0.9258932770547119,0.8572783604951135,5.538531444444443,31.0,91.0,23.0,120.0,True,True,60.0,97.0
2025-08-31,2025-09-01,2025-09-30,M1,30,940,30,2.0161991067501357,7.329215390168801,1.4653178787037033,0.8666666666666667,4.0,0.9,5.0,2.483854233820627,62,61.45791960751223,-0.5420803924877688,0.5420803924877688,0.2938511519196935,1.9264636388888876,51.0,72.0,47.0,78.0,True,True,21.0,31.0
2025-08-31,2025-09-01,2025-09-30,M2,30,940,30,2.018370356408463,7.329022420721113,1.334768473148148,0.9333333333333333,6.0,0.9666666666666667,10.833333333333334,1.9178946584749523,62,61.6533320767617,-0.3466679232383001,0.3466679232383001,0.12017864900235592,4.136672083333334,40.0,85.0,32.0,100.0,True,True,45.0,68.0
2025-08-31,2025-09-01,2025-09-30,M3,30,940,30,1.837761362554777,7.733253503186023,1.3510106305555554,0.8666666666666667,4.0,0.9666666666666667,7.366666666666666,1.9218441010504015,62,42.467237929880824,-19.532762070119176,19.532762070119176,381.52879408788635,13.652977194444443,25.0,62.0,19.0,76.0,True,True,37.0,57.0
2025-08-31,2025-09-01,2025-09-30,M4,30,940,30,1.8910208010856284,7.428976794474193,1.3169461953703703,0.9,5.033333333333333,0.9666666666666667,9.533333333333333,1.8884888816757208,62,53.99727538752177,-8.002724612478232,8.002724612478232,64.04360122316487,7.456072749999997,29.0,85.0,21.0,108.02499999999964,True,True,56.0,87.02499999999964
2025-09-30,2025-10-01,2025-10-31,M1,31,970,28,1.1673647888351097,1.922565017074583,0.7734667966269841,1.0,4.0,1.0,5.0,1.671779007216227,38,57.37242817476614,19.372428174766142,19.372428174766142,375.29097338647307,14.985389694444446,47.0,67.0,43.0,73.0,False,False,20.0,30.0
2025-09-30,2025-10-01,2025-10-31,M2,31,970,28,1.1708947320893146,1.9323839408082502,0.7673125347222222,1.0,5.964285714285714,1.0,10.858035714285702,1.7197772706999819,38,57.57010499700161,19.570104997001607,19.570104997001607,382.9890095936673,11.361667194444447,37.0,79.0,30.0,94.0,True,True,42.0,64.0
2025-09-30,2025-10-01,2025-10-31,M3,31,970,28,1.043914482381999,1.5358964529016996,0.7151390476190478,0.9642857142857143,5.0,1.0,8.929464285714273,1.6631903558389294,38,49.259575050548484,11.259575050548484,11.259575050548484,126.7780303189339,5.73273072222222,29.0,72.0,22.0,90.0,True,True,43.0,68.0
2025-09-30,2025-10-01,2025-10-31,M4,31,970,28,1.3182146656479101,2.3980726152652934,0.7761028779761904,0.9642857142857143,6.285714285714286,1.0,11.679464285714273,1.6979897587858426,38,64.72114680733971,26.721146807339707,26.721146807339707,714.0196866994011,13.925764083333334,35.0,100.0,25.0,132.0,True,True,65.0,107.0
2025-10-31,2025-11-01,2025-11-30,M1,30,998,26,1.7127588191394274,3.9739412085605244,1.1277049081196582,0.9230769230769231,4.0,0.9230769230769231,5.0,1.9842232611880375,30,52.768053429902935,22.768053429902935,22.768053429902935,518.3842569869148,18.73879711111111,43.0,63.0,39.0,68.0,False,False,20.0,29.0
2025-10-31,2025-11-01,2025-11-30,M2,30,998,26,1.7170589154978708,3.984858101928844,0.8843473942307691,0.9615384615384616,6.0,1.0,10.656730769230727,1.5354264904603558,30,52.92954593758671,22.92954593758671,22.92954593758671,525.7640769038992,14.461733694444446,34.0,74.0,27.0,88.0,False,True,40.0,61.0
2025-10-31,2025-11-01,2025-11-30,M3,30,998,26,1.1512660718611043,3.1463505767443607,0.8128672713675216,0.8846153846153846,2.9615384615384617,0.9230769230769231,5.5,1.4860390270131947,30,26.01916747891483,-3.980832521085169,3.980832521085169,15.847027560929304,3.3807231111111102,14.0,40.0,10.0,50.0,True,True,26.0,40.0
2025-10-31,2025-11-01,2025-11-30,M4,30,998,26,1.2424144845160265,3.145051050425789,0.8073585683760682,0.8846153846153846,3.3846153846153846,1.0,6.615384615384615,1.4797755118467586,30,30.842805772709394,0.8428057727093936,0.8428057727093936,0.7103215705122781,3.127386666666668,16.0,49.0,10.0,65.02499999999964,True,True,33.0,55.024999999999636
2025-11-30,2025-12-01,2025-12-31,M1,31,1024,31,1.587526929390474,3.08606006429134,1.0192996066308244,0.967741935483871,4.0,1.0,5.0,1.8500154578584775,23,62.26453516576982,39.26453516576982,39.26453516576982,1541.703721783975,34.66312030555555,52.0,72.0,47.0,79.0,False,False,20.0,32.0
2025-11-30,2025-12-01,2025-12-31,M2,31,1024,31,1.5926481909945958,3.1021871079270635,0.7253522025089606,1.0,5.906451612903237,1.0,10.582258064516106,1.320564986927164,23,62.46139646183226,39.46139646183226,39.46139646183226,1557.2018107179074,29.871108277777772,42.0,85.0,33.0,100.0,False,False,43.0,67.0
2025-11-30,2025-12-01,2025-12-31,M3,31,1024,31,1.091040055444453,1.6862853993151985,0.5707303933691756,0.967741935483871,3.225806451612903,1.0,6.193548387096774,1.1803478439808786,23,35.96089826416352,12.960898264163518,12.960898264163518,167.9848838139969,7.21090663888889,21.0,52.0,16.0,65.0,True,True,31.0,49.0
2025-11-30,2025-12-01,2025-12-31,M4,31,1024,31,1.1798354493848113,1.88369123299753,0.5941900313620071,0.967741935483871,3.806451612903226,1.0,7.162096774193537,1.1998643238557862,23,41.222684236822595,18.222684236822595,18.222684236822595,332.06622079494264,9.826737972222222,21.0,65.0,15.0,83.0,True,True,44.0,68.0
2025-12-31,2026-01-01,2026-01-31,M1,31,1055,31,1.8146166772346084,3.6883512824808014,1.1324252983870968,0.967741935483871,4.0,0.967741935483871,5.0,1.9346270482402648,17,61.07386507289834,44.07386507289834,44.07386507289834,1942.5055824640485,39.66104619444444,51.0,71.0,46.0,77.0,False,False,20.0,31.0
2025-12-31,2026-01-01,2026-01-31,M2,31,1055,31,1.819457436835143,3.705455391828863,0.7282070573476702,1.0,5.838709677419355,1.0,10.452419354838698,1.1770776523235305,17,61.259943871942895,44.259943871942895,44.259943871942895,1958.9426315475355,35.13223022222222,41.0,84.0,32.0,98.0,False,False,43.0,66.0
2025-12-31,2026-01-01,2026-01-31,M3,31,1055,31,1.1690745554777155,2.005360558050676,0.5338880618279572,0.9354838709677419,3.4516129032258065,1.0,6.484677419354827,1.0187821735102476,17,37.847907362597354,20.847907362597354,20.847907362597354,434.635241399441,13.76730113888889,23.0,55.0,17.0,67.0,False,True,32.0,50.0
2025-12-31,2026-01-01,2026-01-31,M4,31,1055,31,1.132701797399792,1.9447377107284824,0.5256280197132617,0.9354838709677419,3.225806451612903,1.0,6.354838709677419,1.006303862608394,17,36.3110185993222,19.311018599322203,19.311018599322203,372.91543934336806,11.46411322222222,20.0,57.0,14.0,72.0,False,True,37.0,58.0
2026-01-31,2026-02-01,2026-02-28,M1,28,1086,28,1.3985187230732106,2.4360998446902613,0.8824120753968253,1.0,4.0,1.0,5.0,1.7260885510403594,28,54.03655657411642,26.036556574116418,26.036556574116418,677.9022782371649,21.73297738888889,44.0,64.0,40.0,69.0,False,False,20.0,29.0
2026-01-31,2026-02-01,2026-02-28,M2,28,1086,28,1.4004732833147426,2.4446023138503072,0.7305783978174604,1.0,5.714285714285714,1.0,10.393749999999986,1.4832329445533374,28,54.16425450989652,26.164254509896523,26.164254509896523,684.5682140586406,17.811812583333335,35.0,75.0,27.0,89.02499999999964,False,True,40.0,62.024999999999636
2026-01-31,2026-02-01,2026-02-28,M3,28,1086,28,1.3604993950422055,2.27237630754782,0.7167119871031746,1.0,4.785714285714286,1.0,8.535714285714286,1.4743582841888536,28,47.45741741422052,19.457417414220522,19.457417414220522,378.591092431212,11.147778194444445,28.0,68.0,21.0,83.0,True,True,40.0,62.0
2026-01-31,2026-02-01,2026-02-28,M4,28,1086,28,1.240034648016682,1.9043540819964058,0.6882860505952382,0.9285714285714286,4.0,1.0,7.715178571428559,1.4544158569416132,28,40.07471303770299,12.074713037702992,12.074713037702992,145.79869494287462,6.099824027777776,21.0,64.0,15.0,83.0,True,True,43.0,68.0
2026-02-28,2026-03-01,2026-03-31,M1,31,1114,29,1.841955958273351,4.301109217874655,1.2144386044061304,0.9310344827586207,4.0,0.9310344827586207,5.0,2.048453344136079,23,55.29911534752283,32.29911534752283,32.29911534752283,1043.2328522325847,27.950870583333334,46.0,65.0,41.0,70.0,False,False,19.0,29.0
2026-02-28,2026-03-01,2026-03-31,M2,31,1114,29,1.8424537171640936,4.303001370855904,0.8490907001915708,0.9310344827586207,5.482758620689655,1.0,10.172413793103448,1.2573179386613142,23,55.32373977264723,32.32373977264723,32.32373977264723,1044.8241528898163,23.338900861111114,36.0,76.0,28.0,91.0,False,False,40.0,63.0
2026-02-28,2026-03-01,2026-03-31,M3,31,1114,29,1.4332969082183504,3.1958990825237112,0.7198388141762451,0.9655172413793104,3.896551724137931,1.0,7.172413793103448,1.1724412083761035,23,39.68880928327636,16.688809283276363,16.688809283276363,278.51635529357134,10.042335222222224,24.0,57.0,18.0,70.0,False,True,33.0,52.0
2026-02-28,2026-03-01,2026-03-31,M4,31,1114,29,1.3099112413698941,2.999470385896895,0.6889607394636016,0.9310344827586207,3.244827586206909,0.9655172413793104,6.1043103448275735,1.137190654857086,23,32.724235461519235,9.724235461519235,9.724235461519235,94.56075531106822,4.922508999999999,17.0,51.0,13.0,65.0,True,True,34.0,52.0
2026-03-31,2026-04-01,2026-04-30,M1,30,1143,29,1.557720394873893,2.8924788582776655,0.9820276743295019,0.9655172413793104,4.0,1.0,5.0,1.8086981712493482,27,54.469523472596265,27.469523472596265,27.469523472596265,754.5747198115172,23.284593166666667,45.0,64.0,40.0,69.0,False,False,19.0,29.0
2026-03-31,2026-04-01,2026-04-30,M2,30,1143,29,1.5593976290479075,2.8986324162093866,0.7622129837164752,1.0,5.310344827586207,1.0,10.174999999999962,1.400927099972983,27,54.56356040195267,27.56356040195267,27.56356040195267,759.7498620320932,18.931900694444447,35.0,76.0,28.0,89.0,False,False,41.0,61.0
2026-03-31,2026-04-01,2026-04-30,M3,30,1143,29,1.3020368260185249,2.15878992030272,0.6686799952107281,1.0,4.551724137931035,1.0,8.344827586206897,1.3260466367599937,27,46.95435893809026,19.95435893809026,19.95435893809026,398.1764406301426,12.07010613888889,29.0,68.0,22.0,82.0,False,True,39.0,60.0
2026-03-31,2026-04-01,2026-04-30,M4,30,1143,29,1.1001266503218026,1.7993812486949425,0.6259443639846743,0.9655172413793104,3.413793103448276,1.0,6.655172413793103,1.2809942087965074,27,34.89694333267257,7.896943332672571,7.896943332672571,62.36171399944177,4.140940111111112,18.0,55.0,13.0,72.0,True,True,37.0,59.0
2026-04-30,2026-05-01,2026-05-31,M1,31,1172,31,1.8374061132103463,5.657541897100793,1.2277778575268818,0.9354838709677419,4.0,0.9354838709677419,5.0,2.13543530825541,30,57.51177499024489,27.511774990244888,27.511774990244888,756.8977631138641,22.927924194444444,48.0,67.0,43.0,73.0,False,False,19.0,30.0
2026-04-30,2026-05-01,2026-05-31,M2,31,1172,31,1.8397518450314982,5.663700101627019,0.9148122410394266,0.9354838709677419,5.067741935483883,0.967741935483871,10.03225806451613,1.3528605885172815,30,57.61912014644141,27.61912014644141,27.61912014644141,762.8157976635658,18.47999286111111,38.0,79.0,29.0,94.0,False,True,41.0,65.0
2026-04-30,2026-05-01,2026-05-31,M3,31,1172,31,1.5057772170440442,5.660710703420033,0.8805317930107527,0.9354838709677419,3.935483870967742,0.967741935483871,7.389516129032223,1.44413650276332,30,43.171617354899354,13.171617354899354,13.171617354899354,173.49150374388586,7.15746375,26.0,63.0,20.0,76.0,True,True,37.0,56.0
2026-04-30,2026-05-01,2026-05-31,M4,31,1172,31,1.2461551093312881,5.271506752892155,0.8226622822580645,0.9354838709677419,3.0032258064516246,0.9354838709677419,5.581451612903214,1.4194329812320248,30,31.315486376311114,1.3154863763111138,1.3154863763111138,1.7305044062601451,2.888326027777775,16.0,49.0,12.0,63.0,True,True,33.0,51.0
2026-05-31,2026-06-01,2026-06-30,M1,30,1203,30,1.744095611180811,6.0272905063705045,1.224478448148148,0.9333333333333333,4.0,0.9333333333333333,5.0,2.213429256744937,48,54.968605006273,6.968605006273002,6.968605006273002,48.561455733453144,4.011523777777777,45.0,65.0,41.0,71.0,True,True,20.0,30.0
2026-05-31,2026-06-01,2026-06-30,M2,30,1203,30,1.746031671321748,6.030022569008446,1.097018275925926,0.9333333333333333,5.1,0.9666666666666667,10.033333333333333,1.7267214375049371,48,55.14285041895733,7.14285041895733,7.14285041895733,51.02031210759891,4.461813055555554,36.0,76.0,27.0,90.0,True,True,40.0,63.0
2026-05-31,2026-06-01,2026-06-30,M3,30,1203,30,1.4382970306828091,5.933190001168926,1.069291884259259,0.9,3.1666666666666665,0.9666666666666667,6.166666666666667,1.6898833431993157,48,33.217417936170875,-14.782582063829125,14.782582063829125,218.52473247384253,9.979717194444447,20.0,49.0,15.0,60.0,True,True,29.0,45.0
2026-05-31,2026-06-01,2026-06-30,M4,30,1203,30,1.4182376847339355,6.223196034214125,1.1075058703703704,0.8666666666666667,2.7333333333333334,0.9666666666666667,4.968333333333309,1.733064570067487,48,26.82623915165216,-21.17376084834784,21.17376084834784,448.32814846302784,15.861077499999999,14.0,41.0,10.0,53.0,False,True,27.0,43.0
2026-06-30,2026-07-01,2026-07-31,M1,31,1233,31,2.1628386271843945,10.086563045762565,1.533164664874552,0.8709677419354839,4.0,0.9354838709677419,5.0,2.627246557512393,44,56.61693651318838,12.616936513188378,12.616936513188378,159.1870869778261,8.840796777777776,47.0,66.0,43.0,72.0,False,True,19.0,29.0
2026-06-30,2026-07-01,2026-07-31,M2,31,1233,31,2.165594924228168,10.09067960537248,1.2297559946236558,0.9354838709677419,5.0,0.967741935483871,9.96774193548387,1.5149329469270163,44,56.772748363721696,12.772748363721696,12.772748363721696,163.14310076295527,6.864747555555557,37.0,78.0,29.0,92.0,True,True,41.0,63.0
2026-06-30,2026-07-01,2026-07-31,M3,31,1233,31,1.8352309915068512,9.410011247049608,1.1358995842293909,0.9354838709677419,4.032258064516129,0.967741935483871,7.226612903225795,1.4525964560557352,44,42.52630011990563,-1.4736998800943724,1.4736998800943724,2.1717913365901675,3.54534938888889,26.0,61.0,19.974999999999994,75.0,True,True,35.0,55.025000000000006
2026-06-30,2026-07-01,2026-07-31,M4,31,1233,31,1.8774223582676972,9.374374816295136,1.136186163082437,0.9354838709677419,4.129032258064516,0.967741935483871,7.872580645161267,1.4437849615179004,44,45.21673090353744,1.2167309035374387,1.2167309035374387,1.480434091623032,4.218810722222221,24.0,70.0,17.0,90.0,True,True,46.0,73.0
2026-07-31,2026-08-01,2026-08-31,M1,31,1264,31,1.3745787267774514,2.2384407002636286,0.8488973091397851,1.0,4.0,1.0,5.0,1.684045479288358,33,56.30539664870235,23.30539664870235,23.30539664870235,543.1415129533467,18.993477472222224,46.0,66.0,42.0,72.0,False,False,20.0,30.0
2026-07-31,2026-08-01,2026-08-31,M2,31,1264,31,1.3757997961592947,2.2428272566203984,0.7293313082437275,1.0,5.067741935483883,1.0,10.096774193548388,1.5098462790247067,33,56.3956618545448,23.395661854544798,23.395661854544798,547.3569936122026,15.074061277777778,37.0,79.0,29.0,93.0,False,True,42.0,64.0
2026-07-31,2026-08-01,2026-08-31,M3,31,1264,31,0.9665150210209873,1.3486464171560988,0.6190980197132617,0.967741935483871,3.193548387096774,1.0,6.290322580645161,1.3889823917209312,33,35.2036310855385,2.203631085538497,2.203631085538497,4.855989961151574,2.7314715000000014,21.0,51.0,16.0,63.0,True,True,30.0,47.0
2026-07-31,2026-08-01,2026-08-31,M4,31,1264,31,0.9912829233307644,1.3632565498127813,0.619374853046595,0.967741935483871,3.5161290322580645,1.0,6.903225806451613,1.3975116382097348,33,38.2916323684462,5.291632368446201,5.291632368446201,28.001373122787555,3.701358222222222,20.0,59.0,14.0,75.0,True,True,39.0,61.0
2026-08-31,2026-09-01,2026-09-30,M1,30,1295,30,1.2852459171956556,1.9888165202977892,0.7618716916666666,1.0,3.966666666666667,1.0,5.0,1.5552222654997194,19,53.941878430731364,34.941878430731364,34.941878430731364,1220.9348682680097,30.706331638888887,45.0,64.0,40.0,69.0,False,False,19.0,29.0
2026-08-31,2026-09-01,2026-09-30,M2,30,1295,30,1.2880075468846195,1.997603113704058,0.5623552787037037,1.0,5.0,1.0,10.033333333333333,1.2860767260397976,19,54.05485419073443,35.05485419073443,35.05485419073443,1228.8428023336514,26.18700402777778,35.0,75.0,27.0,89.0,False,False,40.0,62.0
2026-08-31,2026-09-01,2026-09-30,M3,30,1295,30,0.7724839262638779,0.8664100836706422,0.4339748231481481,0.9666666666666667,3.2033333333333456,1.0,6.167499999999988,1.1670292275424485,19,34.233294729331234,15.233294729331234,15.233294729331234,232.05326831067077,9.214937361111112,20.0,50.0,15.0,61.0,False,True,30.0,46.0
2026-08-31,2026-09-01,2026-09-30,M4,30,1295,30,0.7995054219822766,0.9077249814381693,0.43891571944444435,0.9666666666666667,3.3333333333333335,1.0,6.7,1.1718786019936165,19,35.58806775720513,16.58806775720513,16.58806775720513,275.1639919176285,9.095268694444442,19.0,56.0,13.0,73.0,True,True,37.0,60.0
