origin,q,horizon,n_days,daily_mae,daily_mse,daily_crps,daily_coverage_80,daily_width_80,daily_coverage_95,daily_width_95,daily_nll,actual_sum_observed,predicted_sum_observed,monthly_error,monthly_ae,monthly_se,monthly_crps,monthly_lo80,monthly_hi80,monthly_lo95,monthly_hi95,monthly_coverage80,monthly_coverage95,monthly_width80,monthly_width95
2024-05-31,0.0,30,30,1.6937894128056636,4.288042297619065,1.2051231000000004,0.9333333333333333,4.866666666666666,1.0,8.902500000000009,1.935736464436772,66,52.10881451319107,-13.89118548680893,13.89118548680893,192.96503422893102,9.818903444444445,29.0,79.0,22.0,103.0,True,True,50.0,81.0
2024-05-31,0.03,30,30,1.6970505752443832,4.327064935586168,1.2154581037037038,0.9333333333333333,4.8,1.0,8.969166666666675,1.9457359409879098,66,51.25829684254202,-14.741703157457977,14.741703157457977,217.3178119826065,10.757897333333336,26.0,82.0,19.0,106.02500000000009,True,True,56.0,87.02500000000009
2024-05-31,0.07,30,30,1.6902433874308604,4.288848659504143,1.2201464592592592,0.9333333333333333,4.9,1.0,9.467500000000003,1.9606892684426578,66,52.634517065506614,-13.365482934493386,13.365482934493386,178.63613407223392,11.614330444444445,23.0,93.0,15.0,124.0,True,True,70.0,109.0
2024-05-31,0.15,30,30,1.6955520766898509,4.134409355528345,1.221811896296296,0.9333333333333333,6.0,1.0,13.36833333333334,1.988635527236291,66,66.82842225316567,0.8284222531656695,0.8284222531656695,0.6862834295400847,12.09504066666667,18.0,131.0,10.0,233.0,True,True,113.0,223.0
2024-06-30,0.0,31,31,2.5668393405522845,8.333193359960246,1.1520672939068102,1.0,8.258064516129032,1.0,14.971774193548402,1.5592676849823268,28,97.89453773682888,69.89453773682888,69.89453773682888,4885.2464054449965,51.09456077777777,60.0,146.0,47.0,183.0,False,False,86.0,136.0
2024-06-30,0.03,31,31,2.677609248077372,9.109395185097638,1.1686180609318995,1.0,8.741935483870968,1.0,16.258870967741938,1.5660918947648679,28,102.40587834761428,74.40587834761428,74.40587834761428,5536.234732679975,51.50918722222223,57.0,159.0999999999999,42.0,209.0,False,False,102.09999999999991,167.0
2024-06-30,0.07,31,31,2.946106115257381,11.075910682058579,1.221186014336918,1.0,9.612903225806452,1.0,18.712096774193558,1.574546326979368,28,112.77745392762621,84.77745392762621,84.77745392762621,7187.216694450785,51.99934955555556,49.0,193.0,34.97500000000001,272.0250000000001,False,False,144.0,237.05000000000007
2024-06-30,0.15,31,31,3.7016309588118084,17.352268770833568,1.3000319032258063,1.0,11.422580645161288,1.0,26.39112903225808,1.5748477178413982,28,138.75553834084036,110.75553834084036,110.75553834084036,12266.78927316936,53.64507411111111,39.0,280.0999999999999,23.0,453.0,False,True,241.0999999999999,430.0
2024-07-31,0.0,31,31,1.512745904934312,3.2107241033970477,0.8594916093189963,0.9354838709677419,4.935483870967742,1.0,9.033064516129036,1.5571447198516155,42,55.11423026047187,13.11423026047187,13.11423026047187,171.9830353246761,6.512900777777775,31.0,82.0,24.0,99.02500000000009,True,True,51.0,75.02500000000009
2024-07-31,0.03,31,31,1.3859863563552488,3.0530665159747437,0.8451396523297491,0.9354838709677419,4.354838709677419,1.0,7.969354838709683,1.5462426605397837,42,46.61063595683248,4.610635956832482,4.610635956832482,21.257963926436577,4.456920555555557,23.900000000000034,73.0,17.0,99.0,True,True,49.099999999999966,82.0
2024-07-31,0.07,31,31,1.277384413888526,3.044315390869912,0.8621620645161288,0.8709677419354839,3.4838709677419355,1.0,7.162096774193551,1.5533594481941355,42,38.539893260336555,-3.460106739663445,3.460106739663445,11.972338649864394,6.026901333333335,16.0,68.0,10.0,95.0,True,True,52.0,85.0
2024-07-31,0.15,31,31,1.2119586730855585,2.9995405832742428,0.8788407275985664,0.8709677419354839,3.132258064516126,1.0,7.451612903225806,1.5864019242869218,42,35.21906934422123,-6.780930655778768,6.780930655778768,45.98102055848027,9.694148777777773,8.0,69.0,4.0,132.0,True,True,61.0,128.0
2024-08-31,0.0,30,30,1.346531798664761,2.7564805317750456,0.8097251333333335,0.9666666666666667,4.733333333333333,1.0,8.83416666666667,1.595295551176003,40,52.117846584505045,12.117846584505045,12.117846584505045,146.8422058456006,6.344247555555558,30.0,78.0,21.97500000000001,97.0,True,True,48.0,75.02499999999999
2024-08-31,0.03,30,30,1.292467382719218,2.6078858273899668,0.8019294074074075,0.9666666666666667,4.3699999999999966,1.0,8.23416666666667,1.5909120063721764,40,46.37416958965836,6.374169589658358,6.374169589658358,40.6300379577254,4.651166666666665,24.0,73.0,17.0,98.02500000000009,True,True,49.0,81.02500000000009
2024-08-31,0.07,30,30,1.3371385038221317,2.740667433771619,0.8076234999999999,0.9666666666666667,4.666666666666667,1.0,9.33416666666667,1.603268088110591,40,50.985687694012974,10.985687694012974,10.985687694012974,120.68533411038808,6.252756111111111,22.0,87.0,14.0,123.02500000000009,True,True,65.0,109.02500000000009
2024-08-31,0.15,30,30,1.7800700639278269,4.650009802882005,0.8889319703703702,1.0,7.0,1.0,15.66833333333334,1.6567665328873677,40,78.44337594395547,38.44337594395547,38.44337594395547,1477.8931539682944,15.15958511111112,23.0,158.0,13.0,256.0500000000002,True,True,135.0,243.05000000000018
2024-09-30,0.0,31,19,1.9298106642271724,4.70807691254074,0.8858628596491227,0.9473684210526315,5.7368421052631575,1.0,10.31578947368421,1.336980897021303,16,40.000873159051444,24.000873159051444,24.000873159051444,576.0419123968761,15.149695444444443,22.0,62.0,16.0,78.0,False,True,40.0,62.0
2024-09-30,0.03,31,19,1.7758463487128302,4.211638203227636,0.8328816257309941,0.9473684210526315,5.215789473684206,1.0,9.578947368421053,1.3012126240742796,16,36.192742206361544,20.192742206361544,20.192742206361544,407.7468378125749,11.311514666666667,17.0,59.0,12.0,79.0,False,True,42.0,67.0
2024-09-30,0.07,31,19,1.8556512827066969,4.486351125619069,0.8303872573099417,0.9473684210526315,5.578947368421052,1.0,10.790789473684216,1.301002828081464,16,38.16158962256641,22.16158962256641,22.16158962256641,491.1360545990432,11.399271222222218,15.0,67.0,9.0,97.0,True,True,52.0,88.0
2024-09-30,0.15,31,19,2.2648143822220335,6.375361842967209,0.8788719356725146,1.0,6.631578947368421,1.0,15.317105263157899,1.3158917054789685,16,48.32357306267578,32.32357306267578,32.32357306267578,1044.813375538139,13.295348333333333,12.0,100.0,6.0,172.07500000000027,True,True,88.0,166.07500000000027
2024-10-31,0.0,30,30,0.9453705488465498,1.1561139180742137,0.47616257777777776,1.0,3.3,1.0,6.101666666666673,1.1113105597169857,20,34.97681458544447,14.976814585444473,14.976814585444473,224.3049751267823,7.7362446666666695,18.0,54.0,13.0,71.0,True,True,36.0,58.0
2024-10-31,0.03,30,30,0.8360263663626726,0.9745462047426269,0.4527560074074074,1.0,2.669999999999997,1.0,5.300833333333336,1.0805968668242243,20,28.014998697684206,8.014998697684206,8.014998697684206,64.24020412387952,3.8373180000000016,14.0,46.0,9.0,61.02500000000009,True,True,32.0,52.02500000000009
2024-10-31,0.07,30,30,0.786143606971469,0.9333106370311806,0.4516183555555556,1.0,2.5,1.0,4.833333333333333,1.0750162323585097,20,24.687483882463376,4.6874838824633756,4.6874838824633756,21.97250514835392,3.0796259999999975,9.0,45.0,6.0,68.0,True,True,36.0,62.0
2024-10-31,0.15,30,30,0.8023813755246478,0.9659053309802261,0.4569367555555556,0.9666666666666667,2.5,1.0,5.43416666666667,1.0909612606701509,20,25.00835563943477,5.008355639434772,5.008355639434772,25.083626211058082,3.9028246666666657,6.0,50.0,3.0,89.05000000000018,True,True,44.0,86.05000000000018
2024-11-30,0.0,31,31,1.2339168498950566,2.3907519981043124,0.7049864516129032,0.9354838709677419,3.5161290322580645,1.0,6.483870967741935,1.3900029133172178,29,38.38837439138014,9.38837439138014,9.38837439138014,88.1415737127224,4.862266000000002,22.0,58.0,16.0,73.0,True,True,36.0,57.0
2024-11-30,0.03,31,31,1.1037502388773108,2.244882019212912,0.6878929892473119,0.9354838709677419,2.7451612903225775,0.967741935483871,5.290322580645161,1.3855523810276045,29,29.390344040568547,0.39034404056854655,0.39034404056854655,0.1523684700073791,3.1609013333333333,14.0,47.0,10.0,63.0,True,True,33.0,53.0
2024-11-30,0.07,31,31,1.0716245277258618,2.2385384295867388,0.6868278888888889,0.9354838709677419,2.6129032258064515,0.967741935483871,5.226612903225809,1.3921821308093723,29,26.810656177674293,-2.189343822325707,2.189343822325707,4.793226372355737,4.391007444444444,10.0,48.0,6.0,71.02500000000009,True,True,38.0,65.02500000000009
2024-11-30,0.15,31,31,1.102420730914326,2.261482267256924,0.6914066989247313,0.9354838709677419,2.6129032258064515,1.0,6.163709677419364,1.4029845218602508,29,28.172501216766193,-0.827498783233807,0.827498783233807,0.6847542362534311,6.033035444444442,6.0,59.0,3.0,100.0,True,True,53.0,97.0
