date,weekday,M1_mean,M2_mean,M3_mean,M4_mean,M4_median,M4_lo80,M4_hi80,M4_lo95,M4_hi95,M4_probability_at_least_one
2026-10-03,Сб,1.7703672735166538,1.7744356321032122,0.3613870911129681,0.3169147737667552,0,0,1,0,2,0.221
2026-10-04,Вс,1.7703672735166538,1.7744356321032122,1.695239095925658,1.4870244502257945,1,0,4,0,8,0.5232666666666667
2026-10-05,Пн,1.7703672735166538,1.7744356321032122,1.3692187452648024,1.1838273310294574,0,0,3,0,7,0.481
2026-10-06,Вт,1.7703672735166538,1.7744356321032122,1.1017727317449488,0.958896041324769,0,0,3,0,6,0.4312
2026-10-07,Ср,1.7703672735166538,1.7744356321032122,1.089570466817271,0.9515362892181473,0,0,3,0,5,0.4349
2026-10-08,Чт,1.7703672735166538,1.7744356321032122,1.041429568684717,0.9193636968449366,0,0,3,0,5,0.4242666666666667
2026-10-09,Пт,1.7703672735166538,1.7744356321032122,0.9450034223209541,0.834060403345523,0,0,3,0,5,0.40066666666666667
2026-10-10,Сб,1.7703672735166538,1.7744356321032122,0.3595182334857185,0.3163808028446077,0,0,1,0,2,0.22123333333333334
2026-10-11,Вс,1.7703672735166538,1.7744356321032122,1.6864568919449756,1.484893170030005,1,0,4,0,8,0.5237333333333334
2026-10-12,Пн,1.7703672735166538,1.7744356321032122,1.3621422982537321,1.1822719262265158,0,0,3,0,6,0.4763
2026-10-13,Вт,1.7703672735166538,1.7744356321032122,1.096077087320828,0.9570151857701892,0,0,3,0,6,0.4308
2026-10-14,Ср,1.7703672735166538,1.7744356321032122,1.0839444521013282,0.9492951312744946,0,0,3,0,5,0.4295
2026-10-15,Чт,1.7703672735166538,1.7744356321032122,1.0360498017041384,0.916916266288426,0,0,3,0,5,0.42583333333333334
2026-10-16,Пт,1.7703672735166538,1.7744356321032122,0.940121518603013,0.8319481774425368,0,0,3,0,5,0.3999333333333333
2026-10-17,Сб,1.7703672735166538,1.7744356321032122,0.3576592574723603,0.31561482575992833,0,0,1,0,2,0.21846666666666667
2026-10-18,Вс,1.7703672735166538,1.7744356321032122,1.6777211901708589,1.4811783627719255,1,0,4,0,8,0.5216333333333333
2026-10-19,Пн,1.7703672735166538,1.7744356321032122,1.3551032398557006,1.1790197776369438,0,0,3,0,7,0.472
2026-10-20,Вт,1.7703672735166538,1.7744356321032122,1.090411544795361,0.9542551907593915,0,0,3,0,6,0.4286333333333333
2026-10-21,Ср,1.7703672735166538,1.7744356321032122,1.0783481423688512,0.9468946955352378,0,0,3,0,5,0.4288666666666667
2026-10-22,Чт,1.7703672735166538,1.7744356321032122,1.030698449162002,0.9145805131511153,0,0,3,0,5,0.42173333333333335
2026-10-23,Пт,1.7703672735166538,1.7744356321032122,0.9352654017501553,0.830131927790834,0,0,3,0,5,0.40476666666666666
2026-10-24,Сб,1.7703672735166538,1.7744356321032122,0.35581010975089294,0.31498008559544655,0,0,1,0,2,0.21956666666666666
2026-10-25,Вс,1.7703672735166538,1.7744356321032122,1.669031739379586,1.4783059547773267,1,0,4,0,8,0.5209666666666667
2026-10-26,Пн,1.7703672735166538,1.7744356321032122,1.3481013684893466,1.1766397136505904,0,0,3,0,7,0.4757
2026-10-27,Вт,1.7703672735166538,1.7744356321032122,1.0847759418286254,0.9525033640989756,0,0,3,0,5,0.4317
2026-10-28,Ср,1.7703672735166538,1.7744356321032122,1.0727813775479247,0.9451242288947023,0,0,3,0,5,0.4305333333333333
2026-10-29,Чт,1.7703672735166538,1.7744356321032122,1.0253753579005311,0.9132765753099438,0,0,3,0,5,0.41846666666666665
2026-10-30,Пт,1.7703672735166538,1.7744356321032122,0.9304349327503582,0.8289483783089149,0,0,3,0,5,0.4047
2026-10-31,Сб,1.7703672735166538,1.7744356321032122,0.3539707372924802,0.31450901290247407,0,0,1,0,2,0.21846666666666667
2026-11-01,Вс,1.7703672735166538,1.7744356321032122,1.1197849243129883,0.9813869512034243,0,0,3,0,6,0.4355
2026-11-02,Пн,1.7703672735166538,1.7744356321032122,0.9050627436775099,0.7822695657453526,0,0,2,0,5,0.3949666666666667
