model,date,weekday,mean,median,lo80,hi80,lo95,hi95,probability_at_least_one
M1,2026-10-03,Сб,1.7703672735166538,2,0,4,0,5,0.8281333333333334
M1,2026-10-04,Вс,1.7703672735166538,2,0,4,0,5,0.8299666666666666
M1,2026-10-05,Пн,1.7703672735166538,2,0,4,0,5,0.8306666666666667
M1,2026-10-06,Вт,1.7703672735166538,2,0,4,0,5,0.8307666666666667
M1,2026-10-07,Ср,1.7703672735166538,2,0,4,0,5,0.8297333333333333
M1,2026-10-08,Чт,1.7703672735166538,2,0,3,0,5,0.8260666666666666
M1,2026-10-09,Пт,1.7703672735166538,2,0,4,0,5,0.8309666666666666
M1,2026-10-10,Сб,1.7703672735166538,2,0,4,0,5,0.8307333333333333
M1,2026-10-11,Вс,1.7703672735166538,2,0,4,0,5,0.8306666666666667
M1,2026-10-12,Пн,1.7703672735166538,2,0,4,0,5,0.8330666666666666
M1,2026-10-13,Вт,1.7703672735166538,2,0,4,0,5,0.832
M1,2026-10-14,Ср,1.7703672735166538,2,0,4,0,5,0.8299
M1,2026-10-15,Чт,1.7703672735166538,2,0,4,0,5,0.8289666666666666
M1,2026-10-16,Пт,1.7703672735166538,2,0,4,0,5,0.8322
M1,2026-10-17,Сб,1.7703672735166538,2,0,4,0,5,0.8322666666666667
M1,2026-10-18,Вс,1.7703672735166538,2,0,3,0,5,0.828
M1,2026-10-19,Пн,1.7703672735166538,2,0,4,0,5,0.8260333333333333
M1,2026-10-20,Вт,1.7703672735166538,2,0,4,0,5,0.83
M1,2026-10-21,Ср,1.7703672735166538,2,0,4,0,5,0.8267
M1,2026-10-22,Чт,1.7703672735166538,2,0,4,0,5,0.8311
M1,2026-10-23,Пт,1.7703672735166538,2,0,4,0,5,0.8307333333333333
M1,2026-10-24,Сб,1.7703672735166538,2,0,4,0,5,0.8297
M1,2026-10-25,Вс,1.7703672735166538,2,0,4,0,5,0.8326333333333333
M1,2026-10-26,Пн,1.7703672735166538,2,0,4,0,5,0.8313333333333334
M1,2026-10-27,Вт,1.7703672735166538,2,0,4,0,5,0.8295666666666667
M1,2026-10-28,Ср,1.7703672735166538,2,0,4,0,5,0.8308666666666666
M1,2026-10-29,Чт,1.7703672735166538,2,0,4,0,5,0.8260333333333333
M1,2026-10-30,Пт,1.7703672735166538,2,0,4,0,5,0.8289333333333333
M1,2026-10-31,Сб,1.7703672735166538,2,0,4,0,5,0.8293666666666667
M1,2026-11-01,Вс,1.7703672735166538,2,0,4,0,5,0.8272666666666667
M1,2026-11-02,Пн,1.7703672735166538,2,0,4,0,5,0.8273333333333334
M2,2026-10-03,Сб,1.7744356321032122,1,0,5,0,10,0.5324666666666666
M2,2026-10-04,Вс,1.7744356321032122,1,0,5,0,10,0.5325
M2,2026-10-05,Пн,1.7744356321032122,1,0,5,0,10,0.5348666666666667
M2,2026-10-06,Вт,1.7744356321032122,1,0,5,0,10,0.5343
M2,2026-10-07,Ср,1.7744356321032122,1,0,5,0,10,0.5321333333333333
M2,2026-10-08,Чт,1.7744356321032122,1,0,5,0,10,0.5341
M2,2026-10-09,Пт,1.7744356321032122,1,0,5,0,10,0.5369
M2,2026-10-10,Сб,1.7744356321032122,1,0,5,0,10,0.5361333333333334
M2,2026-10-11,Вс,1.7744356321032122,1,0,5,0,10,0.5352666666666667
M2,2026-10-12,Пн,1.7744356321032122,1,0,5,0,10,0.5373333333333333
M2,2026-10-13,Вт,1.7744356321032122,1,0,5,0,10,0.5395333333333333
M2,2026-10-14,Ср,1.7744356321032122,1,0,5,0,10,0.5320666666666667
M2,2026-10-15,Чт,1.7744356321032122,1,0,5,0,10,0.5414
M2,2026-10-16,Пт,1.7744356321032122,1,0,5,0,10,0.5299666666666667
M2,2026-10-17,Сб,1.7744356321032122,1,0,5,0,10,0.5364666666666666
M2,2026-10-18,Вс,1.7744356321032122,1,0,5,0,10,0.5337
M2,2026-10-19,Пн,1.7744356321032122,1,0,5,0,10,0.5369333333333334
M2,2026-10-20,Вт,1.7744356321032122,1,0,5,0,10,0.5367666666666666
M2,2026-10-21,Ср,1.7744356321032122,1,0,5,0,10,0.5369
M2,2026-10-22,Чт,1.7744356321032122,1,0,5,0,10,0.5352333333333333
M2,2026-10-23,Пт,1.7744356321032122,1,0,5,0,10,0.5329333333333334
M2,2026-10-24,Сб,1.7744356321032122,1,0,5,0,10,0.5321333333333333
M2,2026-10-25,Вс,1.7744356321032122,1,0,5,0,10,0.5319333333333334
M2,2026-10-26,Пн,1.7744356321032122,1,0,5,0,10,0.5401
M2,2026-10-27,Вт,1.7744356321032122,1,0,5,0,10,0.5362666666666667
M2,2026-10-28,Ср,1.7744356321032122,1,0,5,0,10,0.5389333333333334
M2,2026-10-29,Чт,1.7744356321032122,1,0,5,0,10,0.5288333333333334
M2,2026-10-30,Пт,1.7744356321032122,1,0,5,0,10,0.5321666666666667
M2,2026-10-31,Сб,1.7744356321032122,1,0,5,0,10,0.5333
M2,2026-11-01,Вс,1.7744356321032122,1,0,5,0,10,0.5376666666666666
M2,2026-11-02,Пн,1.7744356321032122,1,0,5,0,10,0.5363666666666667
M3,2026-10-03,Сб,0.3613870911129681,0,0,1,0,2,0.241
M3,2026-10-04,Вс,1.695239095925658,1,0,5,0,9,0.5568666666666666
M3,2026-10-05,Пн,1.3692187452648024,1,0,4,0,7,0.5150666666666667
M3,2026-10-06,Вт,1.1017727317449488,0,0,3,0,6,0.4683333333333333
M3,2026-10-07,Ср,1.089570466817271,0,0,3,0,6,0.46513333333333334
M3,2026-10-08,Чт,1.041429568684717,0,0,3,0,6,0.45876666666666666
M3,2026-10-09,Пт,0.9450034223209541,0,0,3,0,5,0.43633333333333335
M3,2026-10-10,Сб,0.3595182334857185,0,0,1,0,2,0.24513333333333334
M3,2026-10-11,Вс,1.6864568919449756,1,0,5,0,9,0.5583
M3,2026-10-12,Пн,1.3621422982537321,1,0,4,0,7,0.5130666666666667
M3,2026-10-13,Вт,1.096077087320828,0,0,3,0,6,0.4666666666666667
M3,2026-10-14,Ср,1.0839444521013282,0,0,3,0,6,0.46586666666666665
M3,2026-10-15,Чт,1.0360498017041384,0,0,3,0,6,0.4513666666666667
M3,2026-10-16,Пт,0.940121518603013,0,0,3,0,5,0.43256666666666665
M3,2026-10-17,Сб,0.3576592574723603,0,0,1,0,2,0.2438
M3,2026-10-18,Вс,1.6777211901708589,1,0,5,0,9,0.5530666666666667
M3,2026-10-19,Пн,1.3551032398557006,1,0,4,0,7,0.508
M3,2026-10-20,Вт,1.090411544795361,0,0,3,0,6,0.4682
M3,2026-10-21,Ср,1.0783481423688512,0,0,3,0,6,0.46773333333333333
M3,2026-10-22,Чт,1.030698449162002,0,0,3,0,6,0.4564
M3,2026-10-23,Пт,0.9352654017501553,0,0,3,0,5,0.434
M3,2026-10-24,Сб,0.35581010975089294,0,0,1,0,2,0.24213333333333334
M3,2026-10-25,Вс,1.669031739379586,1,0,5,0,9,0.5591
M3,2026-10-26,Пн,1.3481013684893466,1,0,4,0,7,0.512
M3,2026-10-27,Вт,1.0847759418286254,0,0,3,0,6,0.4655666666666667
M3,2026-10-28,Ср,1.0727813775479247,0,0,3,0,6,0.46266666666666667
M3,2026-10-29,Чт,1.0253753579005311,0,0,3,0,6,0.4529
M3,2026-10-30,Пт,0.9304349327503582,0,0,3,0,5,0.4351
M3,2026-10-31,Сб,0.3539707372924802,0,0,1,0,3,0.24336666666666668
M3,2026-11-01,Вс,1.1197849243129883,0,0,3,0,6,0.4754
M3,2026-11-02,Пн,0.9050627436775099,0,0,3,0,5,0.42446666666666666
M4,2026-10-03,Сб,0.3169147737667552,0,0,1,0,2,0.221
M4,2026-10-04,Вс,1.4870244502257945,1,0,4,0,8,0.5232666666666667
M4,2026-10-05,Пн,1.1838273310294574,0,0,3,0,7,0.481
M4,2026-10-06,Вт,0.958896041324769,0,0,3,0,6,0.4312
M4,2026-10-07,Ср,0.9515362892181473,0,0,3,0,5,0.4349
M4,2026-10-08,Чт,0.9193636968449366,0,0,3,0,5,0.4242666666666667
M4,2026-10-09,Пт,0.834060403345523,0,0,3,0,5,0.40066666666666667
M4,2026-10-10,Сб,0.3163808028446077,0,0,1,0,2,0.22123333333333334
M4,2026-10-11,Вс,1.484893170030005,1,0,4,0,8,0.5237333333333334
M4,2026-10-12,Пн,1.1822719262265158,0,0,3,0,6,0.4763
M4,2026-10-13,Вт,0.9570151857701892,0,0,3,0,6,0.4308
M4,2026-10-14,Ср,0.9492951312744946,0,0,3,0,5,0.4295
M4,2026-10-15,Чт,0.916916266288426,0,0,3,0,5,0.42583333333333334
M4,2026-10-16,Пт,0.8319481774425368,0,0,3,0,5,0.3999333333333333
M4,2026-10-17,Сб,0.31561482575992833,0,0,1,0,2,0.21846666666666667
M4,2026-10-18,Вс,1.4811783627719255,1,0,4,0,8,0.5216333333333333
M4,2026-10-19,Пн,1.1790197776369438,0,0,3,0,7,0.472
M4,2026-10-20,Вт,0.9542551907593915,0,0,3,0,6,0.4286333333333333
M4,2026-10-21,Ср,0.9468946955352378,0,0,3,0,5,0.4288666666666667
M4,2026-10-22,Чт,0.9145805131511153,0,0,3,0,5,0.42173333333333335
M4,2026-10-23,Пт,0.830131927790834,0,0,3,0,5,0.40476666666666666
M4,2026-10-24,Сб,0.31498008559544655,0,0,1,0,2,0.21956666666666666
M4,2026-10-25,Вс,1.4783059547773267,1,0,4,0,8,0.5209666666666667
M4,2026-10-26,Пн,1.1766397136505904,0,0,3,0,7,0.4757
M4,2026-10-27,Вт,0.9525033640989756,0,0,3,0,5,0.4317
M4,2026-10-28,Ср,0.9451242288947023,0,0,3,0,5,0.4305333333333333
M4,2026-10-29,Чт,0.9132765753099438,0,0,3,0,5,0.41846666666666665
M4,2026-10-30,Пт,0.8289483783089149,0,0,3,0,5,0.4047
M4,2026-10-31,Сб,0.31450901290247407,0,0,1,0,2,0.21846666666666667
M4,2026-11-01,Вс,0.9813869512034243,0,0,3,0,6,0.4355
M4,2026-11-02,Пн,0.7822695657453526,0,0,2,0,5,0.3949666666666667
