model,date,mean,median,lo80,hi80,lo95,hi95
M1,2026-10-03,1.7703672735166538,2.0,0.0,4.0,0.0,5.0
M1,2026-10-04,1.7703672735166538,2.0,0.0,4.0,0.0,5.0
M1,2026-10-05,1.7703672735166538,2.0,0.0,4.0,0.0,5.0
M1,2026-10-06,1.7703672735166538,2.0,0.0,4.0,0.0,5.0
M1,2026-10-07,1.7703672735166538,2.0,0.0,4.0,0.0,5.0
M1,2026-10-08,1.7703672735166538,2.0,0.0,3.0,0.0,5.0
M1,2026-10-09,1.7703672735166538,2.0,0.0,4.0,0.0,5.0
M1,2026-10-10,1.7703672735166538,2.0,0.0,4.0,0.0,5.0
M1,2026-10-11,1.7703672735166538,2.0,0.0,4.0,0.0,5.0
M1,2026-10-12,1.7703672735166538,2.0,0.0,4.0,0.0,5.0
M1,2026-10-13,1.7703672735166538,2.0,0.0,4.0,0.0,5.0
M1,2026-10-14,1.7703672735166538,2.0,0.0,4.0,0.0,5.0
M1,2026-10-15,1.7703672735166538,2.0,0.0,4.0,0.0,5.0
M1,2026-10-16,1.7703672735166538,2.0,0.0,4.0,0.0,5.0
M1,2026-10-17,1.7703672735166538,2.0,0.0,4.0,0.0,5.0
M1,2026-10-18,1.7703672735166538,2.0,0.0,3.0,0.0,5.0
M1,2026-10-19,1.7703672735166538,2.0,0.0,4.0,0.0,5.0
M1,2026-10-20,1.7703672735166538,2.0,0.0,4.0,0.0,5.0
M1,2026-10-21,1.7703672735166538,2.0,0.0,4.0,0.0,5.0
M1,2026-10-22,1.7703672735166538,2.0,0.0,4.0,0.0,5.0
M1,2026-10-23,1.7703672735166538,2.0,0.0,4.0,0.0,5.0
M1,2026-10-24,1.7703672735166538,2.0,0.0,4.0,0.0,5.0
M1,2026-10-25,1.7703672735166538,2.0,0.0,4.0,0.0,5.0
M1,2026-10-26,1.7703672735166538,2.0,0.0,4.0,0.0,5.0
M1,2026-10-27,1.7703672735166538,2.0,0.0,4.0,0.0,5.0
M1,2026-10-28,1.7703672735166538,2.0,0.0,4.0,0.0,5.0
M1,2026-10-29,1.7703672735166538,2.0,0.0,4.0,0.0,5.0
M1,2026-10-30,1.7703672735166538,2.0,0.0,4.0,0.0,5.0
M1,2026-10-31,1.7703672735166538,2.0,0.0,4.0,0.0,5.0
M1,2026-11-01,1.7703672735166538,2.0,0.0,4.0,0.0,5.0
M1,2026-11-02,1.7703672735166538,2.0,0.0,4.0,0.0,5.0
M2,2026-10-03,1.7744356321032122,1.0,0.0,5.0,0.0,10.0
M2,2026-10-04,1.7744356321032122,1.0,0.0,5.0,0.0,10.0
M2,2026-10-05,1.7744356321032122,1.0,0.0,5.0,0.0,10.0
M2,2026-10-06,1.7744356321032122,1.0,0.0,5.0,0.0,10.0
M2,2026-10-07,1.7744356321032122,1.0,0.0,5.0,0.0,10.0
M2,2026-10-08,1.7744356321032122,1.0,0.0,5.0,0.0,10.0
M2,2026-10-09,1.7744356321032122,1.0,0.0,5.0,0.0,10.0
M2,2026-10-10,1.7744356321032122,1.0,0.0,5.0,0.0,10.0
M2,2026-10-11,1.7744356321032122,1.0,0.0,5.0,0.0,10.0
M2,2026-10-12,1.7744356321032122,1.0,0.0,5.0,0.0,10.0
M2,2026-10-13,1.7744356321032122,1.0,0.0,5.0,0.0,10.0
M2,2026-10-14,1.7744356321032122,1.0,0.0,5.0,0.0,10.0
M2,2026-10-15,1.7744356321032122,1.0,0.0,5.0,0.0,10.0
M2,2026-10-16,1.7744356321032122,1.0,0.0,5.0,0.0,10.0
M2,2026-10-17,1.7744356321032122,1.0,0.0,5.0,0.0,10.0
M2,2026-10-18,1.7744356321032122,1.0,0.0,5.0,0.0,10.0
M2,2026-10-19,1.7744356321032122,1.0,0.0,5.0,0.0,10.0
M2,2026-10-20,1.7744356321032122,1.0,0.0,5.0,0.0,10.0
M2,2026-10-21,1.7744356321032122,1.0,0.0,5.0,0.0,10.0
M2,2026-10-22,1.7744356321032122,1.0,0.0,5.0,0.0,10.0
M2,2026-10-23,1.7744356321032122,1.0,0.0,5.0,0.0,10.0
M2,2026-10-24,1.7744356321032122,1.0,0.0,5.0,0.0,10.0
M2,2026-10-25,1.7744356321032122,1.0,0.0,5.0,0.0,10.0
M2,2026-10-26,1.7744356321032122,1.0,0.0,5.0,0.0,10.0
M2,2026-10-27,1.7744356321032122,1.0,0.0,5.0,0.0,10.0
M2,2026-10-28,1.7744356321032122,1.0,0.0,5.0,0.0,10.0
M2,2026-10-29,1.7744356321032122,1.0,0.0,5.0,0.0,10.0
M2,2026-10-30,1.7744356321032122,1.0,0.0,5.0,0.0,10.0
M2,2026-10-31,1.7744356321032122,1.0,0.0,5.0,0.0,10.0
M2,2026-11-01,1.7744356321032122,1.0,0.0,5.0,0.0,10.0
M2,2026-11-02,1.7744356321032122,1.0,0.0,5.0,0.0,10.0
M3,2026-10-03,0.3613870911129681,0.0,0.0,1.0,0.0,2.0
M3,2026-10-04,1.695239095925658,1.0,0.0,5.0,0.0,9.0
M3,2026-10-05,1.3692187452648024,1.0,0.0,4.0,0.0,7.0
M3,2026-10-06,1.1017727317449488,0.0,0.0,3.0,0.0,6.0
M3,2026-10-07,1.089570466817271,0.0,0.0,3.0,0.0,6.0
M3,2026-10-08,1.041429568684717,0.0,0.0,3.0,0.0,6.0
M3,2026-10-09,0.9450034223209541,0.0,0.0,3.0,0.0,5.0
M3,2026-10-10,0.3595182334857185,0.0,0.0,1.0,0.0,2.0
M3,2026-10-11,1.6864568919449756,1.0,0.0,5.0,0.0,9.0
M3,2026-10-12,1.3621422982537321,1.0,0.0,4.0,0.0,7.0
M3,2026-10-13,1.096077087320828,0.0,0.0,3.0,0.0,6.0
M3,2026-10-14,1.0839444521013282,0.0,0.0,3.0,0.0,6.0
M3,2026-10-15,1.0360498017041384,0.0,0.0,3.0,0.0,6.0
M3,2026-10-16,0.940121518603013,0.0,0.0,3.0,0.0,5.0
M3,2026-10-17,0.3576592574723603,0.0,0.0,1.0,0.0,2.0
M3,2026-10-18,1.6777211901708589,1.0,0.0,5.0,0.0,9.0
M3,2026-10-19,1.3551032398557006,1.0,0.0,4.0,0.0,7.0
M3,2026-10-20,1.090411544795361,0.0,0.0,3.0,0.0,6.0
M3,2026-10-21,1.0783481423688512,0.0,0.0,3.0,0.0,6.0
M3,2026-10-22,1.030698449162002,0.0,0.0,3.0,0.0,6.0
M3,2026-10-23,0.9352654017501553,0.0,0.0,3.0,0.0,5.0
M3,2026-10-24,0.35581010975089294,0.0,0.0,1.0,0.0,2.0
M3,2026-10-25,1.669031739379586,1.0,0.0,5.0,0.0,9.0
M3,2026-10-26,1.3481013684893466,1.0,0.0,4.0,0.0,7.0
M3,2026-10-27,1.0847759418286254,0.0,0.0,3.0,0.0,6.0
M3,2026-10-28,1.0727813775479247,0.0,0.0,3.0,0.0,6.0
M3,2026-10-29,1.0253753579005311,0.0,0.0,3.0,0.0,6.0
M3,2026-10-30,0.9304349327503582,0.0,0.0,3.0,0.0,5.0
M3,2026-10-31,0.3539707372924802,0.0,0.0,1.0,0.0,3.0
M3,2026-11-01,1.1197849243129883,0.0,0.0,3.0,0.0,6.0
M3,2026-11-02,0.9050627436775099,0.0,0.0,3.0,0.0,5.0
M4,2026-10-03,0.3169147737667552,0.0,0.0,1.0,0.0,2.0
M4,2026-10-04,1.4870244502257945,1.0,0.0,4.0,0.0,8.0
M4,2026-10-05,1.1838273310294574,0.0,0.0,3.100000000002183,0.0,7.0
M4,2026-10-06,0.958896041324769,0.0,0.0,3.0,0.0,6.0
M4,2026-10-07,0.9515362892181473,0.0,0.0,3.0,0.0,5.0
M4,2026-10-08,0.9193636968449366,0.0,0.0,3.0,0.0,5.0
M4,2026-10-09,0.834060403345523,0.0,0.0,3.0,0.0,5.0
M4,2026-10-10,0.3163808028446077,0.0,0.0,1.0,0.0,2.0
M4,2026-10-11,1.484893170030005,1.0,0.0,4.0,0.0,8.0
M4,2026-10-12,1.1822719262265158,0.0,0.0,3.0,0.0,6.0
M4,2026-10-13,0.9570151857701892,0.0,0.0,3.0,0.0,6.0
M4,2026-10-14,0.9492951312744946,0.0,0.0,3.0,0.0,5.0
M4,2026-10-15,0.916916266288426,0.0,0.0,3.0,0.0,5.0
M4,2026-10-16,0.8319481774425368,0.0,0.0,3.0,0.0,5.0
M4,2026-10-17,0.31561482575992833,0.0,0.0,1.0,0.0,2.0
M4,2026-10-18,1.4811783627719255,1.0,0.0,4.0,0.0,8.0
M4,2026-10-19,1.1790197776369438,0.0,0.0,3.0,0.0,7.0
M4,2026-10-20,0.9542551907593915,0.0,0.0,3.0,0.0,6.0
M4,2026-10-21,0.9468946955352378,0.0,0.0,3.0,0.0,5.0
M4,2026-10-22,0.9145805131511153,0.0,0.0,3.0,0.0,5.0
M4,2026-10-23,0.830131927790834,0.0,0.0,3.0,0.0,5.0
M4,2026-10-24,0.31498008559544655,0.0,0.0,1.0,0.0,2.0
M4,2026-10-25,1.4783059547773267,1.0,0.0,4.0,0.0,8.0
M4,2026-10-26,1.1766397136505904,0.0,0.0,3.0,0.0,7.0
M4,2026-10-27,0.9525033640989756,0.0,0.0,3.0,0.0,5.0
M4,2026-10-28,0.9451242288947023,0.0,0.0,3.0,0.0,5.0
M4,2026-10-29,0.9132765753099438,0.0,0.0,3.0,0.0,5.0
M4,2026-10-30,0.8289483783089149,0.0,0.0,3.0,0.0,5.0
M4,2026-10-31,0.31450901290247407,0.0,0.0,1.0,0.0,2.0
M4,2026-11-01,0.9813869512034243,0.0,0.0,3.0,0.0,6.0
M4,2026-11-02,0.7822695657453526,0.0,0.0,2.0,0.0,5.0
